Comment,Designator,Footprint,LCSC Part #
"Buzzer Buzzer, polarized",BZ1,Buzzer_Murata_PKMCS0909E4000-R1,C391035
100n Unpolarized capacitor,"C1,C2,C3,C5,C7,C8,C9,C10,C11,C12,C13,C14,C15,C16,C17,C18,C19,C20,C21,C22,C23,C24,C25,C26,C27,C28,C29,C30,C31,C32,C33,C34,C35,C36,C37,C38,C39,C40,C41,C42,C43,C44,C45,C46,C47,C48,C49,C50,C51,C52,C53,C54,C55,C56,C57,C58,C59,C60,C61,C62,C63,C64,C65,C66,C67,C68,C69,C70,C71",C_0402_1005Metric,C307331
4u7 Unpolarized capacitor,"C4,C6",C_0603_1608Metric,C19666
4u7 Unpolarized capacitor,C72,C_0402_1005Metric,C23733
270p Unpolarized capacitor,"C73,C74",C_0402_1005Metric,C161545
"Ferrite_Bead_Small Ferrite bead, small symbol",FB1,R_0805_2012Metric,C1015
USB_C_Receptacle_USB2.0 USB 2.0-only Type-C Receptacle connector,J4,USB_C_Receptacle_Palconn_UTC16-G,C136423
L Inductor,L1,L_0805_2012Metric,C394958
"AO3400A N-MOSFET transistor, gate/source/drain",Q1,SOT-23,C20917
"UMH3N Dual NPN transistor, 6 pin package",Q2,SOT-363_SC-70-6,C123008
1k Resistor,R1,R_0603_1608Metric,C21190
5k1 Resistor,"R2,R3,R4,R6,R14,R16,R17,R20",R_0603_1608Metric,C269716
100R Resistor,"R5,R9,R11",R_0603_1608Metric,C105588
10R Resistor,"R7,R8,R18,R19",R_0603_1608Metric,C176153
430k Resistor,R13,R_0603_1608Metric,C227898
100k Resistor,R15,R_0603_1608Metric,C25803
TS-1102S-C-A-B Single Pole Single Throw (SPST) switch,"SW1,SW2",TS-1075S-A2B2-D4,C492874
"ESP32-PICO-D4 RF Module, ESP32 SoC, Wi-Fi 802.11b/g/n, Bluetooth, BLE, 32-bit, 2.7-3.6V, external antenna, QFN-48",U1,QFN-48-1EP_7x7mm_P0.5mm_EP5.3x5.3mm,C193707
MT3420C ,U2,SOT-23-6,C62892
"CP2104 Single-Chip USB-to-UART Bridge, USB 2.0 Full-Speed, 2Mbps UART, QFN package",U3,QFN-24-1EP_4x4mm_P0.5mm_EP2.6x2.6mm,C47742
WS2812-2020 ,"U4,U5,U6,U7,U8,U9,U10,U11,U12,U13,U14,U15,U16,U17,U18,U19,U20,U21,U22,U23,U24,U25,U26,U27,U28,U29,U30,U31,U32,U33,U34,U35,U36,U37,U38,U39,U40,U41,U42,U43,U44,U45,U46,U47,U48,U49,U50,U51,U52,U53,U54,U55,U56,U57,U58,U59,U60,U61,U62,U63,U64,U65,U66,U67",LED_WS2812-2020,C965555
